<?xml version="1.0" encoding="UTF-8"?>
<configuration  scan="true" scanPeriod="60 seconds" debug="false">
    <contextName>logback</contextName>
    <property name="log.path" value="/opt/logs/spring/blomi-cloud-order/cloud_order.log" />
    <!--输出到控制台-->
    <appender name="console" class="ch.qos.logback.core.ConsoleAppender">
       <!-- <filter class="ch.qos.logback.classic.filter.ThresholdFilter">
            <level>ERROR</level>
        </filter>-->
        <encoder>
            <pattern>%d{HH:mm:ss.SSS} %contextName [%thread] %-5level %logger{36} - %msg%n</pattern>
        </encoder>
    </appender>

    <!--输出到文件-->
    <appender name="file" class="ch.qos.logback.core.rolling.RollingFileAppender">
        <file>${log.path}</file>
        <rollingPolicy class="ch.qos.logback.core.rolling.TimeBasedRollingPolicy">
            <fileNamePattern>logback.%d{yyyy-MM-dd}.log</fileNamePattern>
        </rollingPolicy>
        <encoder>
            <pattern>%d{HH:mm:ss.SSS} %contextName [%thread] %-5level %logger{36} - %msg%n</pattern>
        </encoder>
    </appender>

    <root level="debug">
        <appender-ref ref="console" />
        <appender-ref ref="file" />
    </root>

    <!-- logback为java中的包 -->
    <logger name="com.blomni.o2o"/>
    <!--logback.LogbackDemo：类的全路径 -->
    
    <logger name="org.springframework" additivity="false">
		<level value="DEBUG" />
		<appender-ref ref="console" />
        <appender-ref ref="file" />
	</logger>
	
	<logger name="org.mybatis.spring" level="ERROR" />
	
	<logger name="com.ibatis" level="DEBUG" additivity="false"/>    
	<root level="DEBUG">
		<appender-ref ref="console" />
        <appender-ref ref="file" />
	</root>
    
    <logger name="org.apache.commons">
		<level value="INFO" />
	</logger>
</configuration>