<?xml version="1.0" encoding="UTF-8" ?>
<!DOCTYPE mapper PUBLIC "-//mybatis.org//DTD Mapper 3.0//EN" "http://mybatis.org/dtd/mybatis-3-mapper.dtd" >
<mapper namespace="com.blomni.o2o.order.mapper.OrderDeliveryCodeMapper" >
  <resultMap id="BaseResultMap" type="com.blomni.o2o.order.entity.OrderDeliveryCode" >
    <id column="ID" property="id" jdbcType="VARCHAR" />
    <result column="ORDER_ID" property="orderId" jdbcType="VARCHAR" />
    <result column="DELIVERY_CODE" property="deliveryCode" jdbcType="VARCHAR" />
    <result column="DELIVERY_STATUS" property="deliveryStatus" jdbcType="CHAR" />
    <result column="INVALID_DATE" property="invalidDate" jdbcType="TIMESTAMP" />
    <result column="UPDATE_BY" property="updateBy" jdbcType="VARCHAR" />
    <result column="UPDATE_DATE" property="updateDate" jdbcType="TIMESTAMP" />
    <result column="CREATE_BY" property="createBy" jdbcType="VARCHAR" />
    <result column="CREATE_DATE" property="createDate" jdbcType="TIMESTAMP" />
    <result column="DEL_FLAG" property="delFlag" jdbcType="CHAR" />
    <result column="SPARE1" property="spare1" jdbcType="VARCHAR" />
    <result column="SPARE2" property="spare2" jdbcType="VARCHAR" />
    <result column="SPARE3" property="spare3" jdbcType="VARCHAR" />
  </resultMap>
  <sql id="Example_Where_Clause" >
    <where >
      <foreach collection="oredCriteria" item="criteria" separator="or" >
        <if test="criteria.valid" >
          <trim prefix="(" suffix=")" prefixOverrides="and" >
            <foreach collection="criteria.criteria" item="criterion" >
              <choose >
                <when test="criterion.noValue" >
                  and ${criterion.condition}
                </when>
                <when test="criterion.singleValue" >
                  and ${criterion.condition} #{criterion.value}
                </when>
                <when test="criterion.betweenValue" >
                  and ${criterion.condition} #{criterion.value} and #{criterion.secondValue}
                </when>
                <when test="criterion.listValue" >
                  and ${criterion.condition}
                  <foreach collection="criterion.value" item="listItem" open="(" close=")" separator="," >
                    #{listItem}
                  </foreach>
                </when>
              </choose>
            </foreach>
          </trim>
        </if>
      </foreach>
    </where>
  </sql>
  <sql id="Base_Column_List" >
    ID, ORDER_ID, DELIVERY_CODE, DELIVERY_STATUS, INVALID_DATE, UPDATE_BY, UPDATE_DATE, 
    CREATE_BY, CREATE_DATE, DEL_FLAG, SPARE1, SPARE2, SPARE3
  </sql>
  <select id="selectByPrimaryKey" resultMap="BaseResultMap" parameterType="java.lang.String" >
    select 
    <include refid="Base_Column_List" />
    from ORDER_DELIVERY_CODE
    where ID = #{id,jdbcType=VARCHAR}
  </select>
  <delete id="deleteByPrimaryKey" parameterType="java.lang.String" >
    delete from ORDER_DELIVERY_CODE
    where ID = #{id,jdbcType=VARCHAR}
  </delete>
  <insert id="insert" parameterType="com.blomni.o2o.order.entity.OrderDeliveryCode" >
    insert into ORDER_DELIVERY_CODE (ID, ORDER_ID, DELIVERY_CODE, 
      DELIVERY_STATUS, INVALID_DATE, UPDATE_BY, 
      UPDATE_DATE, CREATE_BY, CREATE_DATE, 
      DEL_FLAG, SPARE1, SPARE2, 
      SPARE3)
    values (#{id,jdbcType=VARCHAR}, #{orderId,jdbcType=VARCHAR}, #{deliveryCode,jdbcType=VARCHAR}, 
      #{deliveryStatus,jdbcType=CHAR}, #{invalidDate,jdbcType=TIMESTAMP}, #{updateBy,jdbcType=VARCHAR}, 
      #{updateDate,jdbcType=TIMESTAMP}, #{createBy,jdbcType=VARCHAR}, #{createDate,jdbcType=TIMESTAMP}, 
      #{delFlag,jdbcType=CHAR}, #{spare1,jdbcType=VARCHAR}, #{spare2,jdbcType=VARCHAR}, 
      #{spare3,jdbcType=VARCHAR})
  </insert>
  <insert id="insertSelective" parameterType="com.blomni.o2o.order.entity.OrderDeliveryCode" >
    insert into ORDER_DELIVERY_CODE
    <trim prefix="(" suffix=")" suffixOverrides="," >
      <if test="id != null" >
        ID,
      </if>
      <if test="orderId != null" >
        ORDER_ID,
      </if>
      <if test="deliveryCode != null" >
        DELIVERY_CODE,
      </if>
      <if test="deliveryStatus != null" >
        DELIVERY_STATUS,
      </if>
      <if test="invalidDate != null" >
        INVALID_DATE,
      </if>
      <if test="updateBy != null" >
        UPDATE_BY,
      </if>
      <if test="updateDate != null" >
        UPDATE_DATE,
      </if>
      <if test="createBy != null" >
        CREATE_BY,
      </if>
      <if test="createDate != null" >
        CREATE_DATE,
      </if>
      <if test="delFlag != null" >
        DEL_FLAG,
      </if>
      <if test="spare1 != null" >
        SPARE1,
      </if>
      <if test="spare2 != null" >
        SPARE2,
      </if>
      <if test="spare3 != null" >
        SPARE3,
      </if>
    </trim>
    <trim prefix="values (" suffix=")" suffixOverrides="," >
      <if test="id != null" >
        #{id,jdbcType=VARCHAR},
      </if>
      <if test="orderId != null" >
        #{orderId,jdbcType=VARCHAR},
      </if>
      <if test="deliveryCode != null" >
        #{deliveryCode,jdbcType=VARCHAR},
      </if>
      <if test="deliveryStatus != null" >
        #{deliveryStatus,jdbcType=CHAR},
      </if>
      <if test="invalidDate != null" >
        #{invalidDate,jdbcType=TIMESTAMP},
      </if>
      <if test="updateBy != null" >
        #{updateBy,jdbcType=VARCHAR},
      </if>
      <if test="updateDate != null" >
        #{updateDate,jdbcType=TIMESTAMP},
      </if>
      <if test="createBy != null" >
        #{createBy,jdbcType=VARCHAR},
      </if>
      <if test="createDate != null" >
        #{createDate,jdbcType=TIMESTAMP},
      </if>
      <if test="delFlag != null" >
        #{delFlag,jdbcType=CHAR},
      </if>
      <if test="spare1 != null" >
        #{spare1,jdbcType=VARCHAR},
      </if>
      <if test="spare2 != null" >
        #{spare2,jdbcType=VARCHAR},
      </if>
      <if test="spare3 != null" >
        #{spare3,jdbcType=VARCHAR},
      </if>
    </trim>
  </insert>
  <update id="updateByPrimaryKeySelective" parameterType="com.blomni.o2o.order.entity.OrderDeliveryCode" >
    update ORDER_DELIVERY_CODE
    <set >
      <if test="orderId != null" >
        ORDER_ID = #{orderId,jdbcType=VARCHAR},
      </if>
      <if test="deliveryCode != null" >
        DELIVERY_CODE = #{deliveryCode,jdbcType=VARCHAR},
      </if>
      <if test="deliveryStatus != null" >
        DELIVERY_STATUS = #{deliveryStatus,jdbcType=CHAR},
      </if>
      <if test="invalidDate != null" >
        INVALID_DATE = #{invalidDate,jdbcType=TIMESTAMP},
      </if>
      <if test="updateBy != null" >
        UPDATE_BY = #{updateBy,jdbcType=VARCHAR},
      </if>
      <if test="updateDate != null" >
        UPDATE_DATE = #{updateDate,jdbcType=TIMESTAMP},
      </if>
      <if test="createBy != null" >
        CREATE_BY = #{createBy,jdbcType=VARCHAR},
      </if>
      <if test="createDate != null" >
        CREATE_DATE = #{createDate,jdbcType=TIMESTAMP},
      </if>
      <if test="delFlag != null" >
        DEL_FLAG = #{delFlag,jdbcType=CHAR},
      </if>
      <if test="spare1 != null" >
        SPARE1 = #{spare1,jdbcType=VARCHAR},
      </if>
      <if test="spare2 != null" >
        SPARE2 = #{spare2,jdbcType=VARCHAR},
      </if>
      <if test="spare3 != null" >
        SPARE3 = #{spare3,jdbcType=VARCHAR},
      </if>
    </set>
    where DELIVERY_CODE = #{deliveryCode,jdbcType=VARCHAR} AND ORDER_ID = #{orderId,jdbcType=VARCHAR} 
  </update>
  
  <update id="updateByPrimaryKey" parameterType="com.blomni.o2o.order.entity.OrderDeliveryCode" >
    update ORDER_DELIVERY_CODE
    set ORDER_ID = #{orderId,jdbcType=VARCHAR},
      DELIVERY_CODE = #{deliveryCode,jdbcType=VARCHAR},
      DELIVERY_STATUS = #{deliveryStatus,jdbcType=CHAR},
      INVALID_DATE = #{invalidDate,jdbcType=TIMESTAMP},
      UPDATE_BY = #{updateBy,jdbcType=VARCHAR},
      UPDATE_DATE = #{updateDate,jdbcType=TIMESTAMP},
      CREATE_BY = #{createBy,jdbcType=VARCHAR},
      CREATE_DATE = #{createDate,jdbcType=TIMESTAMP},
      DEL_FLAG = #{delFlag,jdbcType=CHAR},
      SPARE1 = #{spare1,jdbcType=VARCHAR},
      SPARE2 = #{spare2,jdbcType=VARCHAR},
      SPARE3 = #{spare3,jdbcType=VARCHAR}
    where ID = #{id,jdbcType=VARCHAR}
  </update>
  
  
  <select id="queryMentionGoodsCodeStatus" resultMap="BaseResultMap" parameterType="com.blomni.o2o.order.dto.MentionGoodsCodeDto" >
    select 
    <include refid="Base_Column_List" />
    from ORDER_DELIVERY_CODE
    where DELIVERY_CODE = #{deliveryCode,jdbcType=VARCHAR}
    AND DEL_FLAG = 0 AND (DELIVERY_STATUS = 0 OR DELIVERY_STATUS = 2)
  </select>
  
  
   <select id="queryMentionGoodsCodeByOrderNo" resultMap="BaseResultMap" parameterType="com.blomni.o2o.order.dto.MentionGoodsCodeDto" >
    select 
    <include refid="Base_Column_List" />
    from ORDER_DELIVERY_CODE
    where ORDER_ID = #{orderNo,jdbcType=VARCHAR}
    AND DEL_FLAG = 0 AND (DELIVERY_STATUS = 0 OR DELIVERY_STATUS = 2)
  </select>
  
   <select id="queryOrderIdByMentionGoodsCode" resultType="java.lang.String" parameterType="com.blomni.o2o.order.dto.MentionGoodsCodeDto" >
		SELECT
			T.ORDER_CODE
		FROM
			ORDER_BASIC_INFO T
		WHERE
			T.ID = (
				SELECT
					M.ORDER_ID
				FROM
					ORDER_DELIVERY_CODE M
				WHERE
					M.DELIVERY_CODE = #{deliveryCode,jdbcType=VARCHAR} AND M.DEL_FLAG = 0 AND M.DELIVERY_STATUS = '0'
			)
		AND T.MEMBER_ID = #{memberId,jdbcType=VARCHAR}
  </select>
  
  
   <update id="updateMentionGoodsCodeStatus" parameterType="com.blomni.o2o.order.dto.MentionGoodsCodeDto" >
	    update ORDER_DELIVERY_CODE
	    <set >
	        DELIVERY_STATUS = '2',
	        UPDATE_BY = #{memberId,jdbcType=VARCHAR},
	        UPDATE_DATE = SYSDATE()
	    </set>
	    where 
		ORDER_ID = #{orderId,jdbcType=VARCHAR}
		AND DELIVERY_CODE = #{deliveryCode,jdbcType=VARCHAR}
  </update>
  <select id="queryDeliverCode" resultType="java.lang.String">
  		select DELIVERY_CODE from ORDER_DELIVERY_CODE where DEL_FLAG ='0'
  </select>
  
</mapper>