<?xml version="1.0" encoding="UTF-8" ?>
<!DOCTYPE mapper PUBLIC "-//mybatis.org//DTD Mapper 3.0//EN" "http://mybatis.org/dtd/mybatis-3-mapper.dtd" >
<mapper namespace="com.blomni.o2o.order.mapper.OrderFlowInfoMapper" >
  <resultMap id="BaseResultMap" type="com.blomni.o2o.order.entity.OrderFlowInfo" >
    <id column="ID" property="id" jdbcType="VARCHAR" />
    <result column="ORDER_ID" property="orderId" jdbcType="VARCHAR" />
    <result column="ORDER_AMT" property="orderAmt" jdbcType="DECIMAL" />
    <result column="ORDER_STATE" property="orderState" jdbcType="CHAR" />
    <result column="MEMBER_NAME" property="memberName" jdbcType="VARCHAR" />
    <result column="MEMBER_ID" property="memberId" jdbcType="VARCHAR" />
    <result column="ORDER_SOURCE" property="orderSource" jdbcType="VARCHAR" />
    <result column="EXTERNAL_ORDER_NO" property="externalOrderNo" jdbcType="VARCHAR" />
    <result column="ORDER_TYPE" property="orderType" jdbcType="VARCHAR" />
    <result column="IS_ABNORMAL_FLAG" property="isAbnormalFlag" jdbcType="CHAR" />
    <result column="BUYER_REMARK" property="buyerRemark" jdbcType="VARCHAR" />
    <result column="SELLER_REMARK" property="sellerRemark" jdbcType="VARCHAR" />
    <result column="CREATE_BY" property="createBy" jdbcType="VARCHAR" />
    <result column="CREATE_DATE" property="createDate" jdbcType="TIMESTAMP" />
    <result column="UPDATE_BY" property="updateBy" jdbcType="VARCHAR" />
    <result column="UPDATE_DATE" property="updateDate" jdbcType="TIMESTAMP" />
    <result column="DEL_FLAG" property="delFlag" jdbcType="CHAR" />
    <result column="SPARE1" property="spare1" jdbcType="VARCHAR" />
    <result column="SPARE2" property="spare2" jdbcType="VARCHAR" />
    <result column="SPARE3" property="spare3" jdbcType="VARCHAR" />
    <result column="SPARE4" property="spare4" jdbcType="VARCHAR" />
    <result column="SPARE5" property="spare5" jdbcType="VARCHAR" />
  </resultMap>
  <sql id="Base_Column_List" >
    ID, ORDER_ID, ORDER_AMT, ORDER_STATE, MEMBER_NAME, MEMBER_ID, ORDER_SOURCE, EXTERNAL_ORDER_NO, 
    ORDER_TYPE, IS_ABNORMAL_FLAG, BUYER_REMARK, SELLER_REMARK, CREATE_BY, CREATE_DATE, 
    UPDATE_BY, UPDATE_DATE, DEL_FLAG, SPARE1, SPARE2, SPARE3, SPARE4, SPARE5
  </sql>
  <select id="selectByPrimaryKey" resultMap="BaseResultMap" parameterType="java.lang.String" >
    select 
    <include refid="Base_Column_List" />
    from ORDER_FLOW_INFO
    where ID = #{id,jdbcType=VARCHAR}
  </select>
  <delete id="deleteByPrimaryKey" parameterType="java.lang.String" >
    delete from ORDER_FLOW_INFO
    where ID = #{id,jdbcType=VARCHAR}
  </delete>
  <insert id="insert" parameterType="com.blomni.o2o.order.entity.OrderFlowInfo" >
    insert into ORDER_FLOW_INFO (ID, ORDER_ID, ORDER_AMT, 
      ORDER_STATE, MEMBER_NAME, MEMBER_ID, 
      ORDER_SOURCE, EXTERNAL_ORDER_NO, ORDER_TYPE, 
      IS_ABNORMAL_FLAG, BUYER_REMARK, SELLER_REMARK, 
      CREATE_BY, CREATE_DATE, UPDATE_BY, 
      UPDATE_DATE, DEL_FLAG, SPARE1, 
      SPARE2, SPARE3, SPARE4, 
      SPARE5)
    values (#{id,jdbcType=VARCHAR}, #{orderId,jdbcType=VARCHAR}, #{orderAmt,jdbcType=DECIMAL}, 
      #{orderState,jdbcType=CHAR}, #{memberName,jdbcType=VARCHAR}, #{memberId,jdbcType=VARCHAR}, 
      #{orderSource,jdbcType=VARCHAR}, #{externalOrderNo,jdbcType=VARCHAR}, #{orderType,jdbcType=VARCHAR}, 
      #{isAbnormalFlag,jdbcType=CHAR}, #{buyerRemark,jdbcType=VARCHAR}, #{sellerRemark,jdbcType=VARCHAR}, 
      #{createBy,jdbcType=VARCHAR}, #{createDate,jdbcType=TIMESTAMP}, #{updateBy,jdbcType=VARCHAR}, 
      #{updateDate,jdbcType=TIMESTAMP}, #{delFlag,jdbcType=CHAR}, #{spare1,jdbcType=VARCHAR}, 
      #{spare2,jdbcType=VARCHAR}, #{spare3,jdbcType=VARCHAR}, #{spare4,jdbcType=VARCHAR}, 
      #{spare5,jdbcType=VARCHAR})
  </insert>
  <insert id="insertSelective" parameterType="com.blomni.o2o.order.entity.OrderFlowInfo" >
    insert into ORDER_FLOW_INFO
    <trim prefix="(" suffix=")" suffixOverrides="," >
      <if test="id != null" >
        ID,
      </if>
      <if test="orderId != null" >
        ORDER_ID,
      </if>
      <if test="orderAmt != null" >
        ORDER_AMT,
      </if>
      <if test="orderState != null" >
        ORDER_STATE,
      </if>
      <if test="memberName != null" >
        MEMBER_NAME,
      </if>
      <if test="memberId != null" >
        MEMBER_ID,
      </if>
      <if test="orderSource != null" >
        ORDER_SOURCE,
      </if>
      <if test="externalOrderNo != null" >
        EXTERNAL_ORDER_NO,
      </if>
      <if test="orderType != null" >
        ORDER_TYPE,
      </if>
      <if test="isAbnormalFlag != null" >
        IS_ABNORMAL_FLAG,
      </if>
      <if test="buyerRemark != null" >
        BUYER_REMARK,
      </if>
      <if test="sellerRemark != null" >
        SELLER_REMARK,
      </if>
      <if test="createBy != null" >
        CREATE_BY,
      </if>
      <if test="createDate != null" >
        CREATE_DATE,
      </if>
      <if test="updateBy != null" >
        UPDATE_BY,
      </if>
      <if test="updateDate != null" >
        UPDATE_DATE,
      </if>
      <if test="delFlag != null" >
        DEL_FLAG,
      </if>
      <if test="spare1 != null" >
        SPARE1,
      </if>
      <if test="spare2 != null" >
        SPARE2,
      </if>
      <if test="spare3 != null" >
        SPARE3,
      </if>
      <if test="spare4 != null" >
        SPARE4,
      </if>
      <if test="spare5 != null" >
        SPARE5,
      </if>
    </trim>
    <trim prefix="values (" suffix=")" suffixOverrides="," >
      <if test="id != null" >
        #{id,jdbcType=VARCHAR},
      </if>
      <if test="orderId != null" >
        #{orderId,jdbcType=VARCHAR},
      </if>
      <if test="orderAmt != null" >
        #{orderAmt,jdbcType=DECIMAL},
      </if>
      <if test="orderState != null" >
        #{orderState,jdbcType=CHAR},
      </if>
      <if test="memberName != null" >
        #{memberName,jdbcType=VARCHAR},
      </if>
      <if test="memberId != null" >
        #{memberId,jdbcType=VARCHAR},
      </if>
      <if test="orderSource != null" >
        #{orderSource,jdbcType=VARCHAR},
      </if>
      <if test="externalOrderNo != null" >
        #{externalOrderNo,jdbcType=VARCHAR},
      </if>
      <if test="orderType != null" >
        #{orderType,jdbcType=VARCHAR},
      </if>
      <if test="isAbnormalFlag != null" >
        #{isAbnormalFlag,jdbcType=CHAR},
      </if>
      <if test="buyerRemark != null" >
        #{buyerRemark,jdbcType=VARCHAR},
      </if>
      <if test="sellerRemark != null" >
        #{sellerRemark,jdbcType=VARCHAR},
      </if>
      <if test="createBy != null" >
        #{createBy,jdbcType=VARCHAR},
      </if>
      <if test="createDate != null" >
        #{createDate,jdbcType=TIMESTAMP},
      </if>
      <if test="updateBy != null" >
        #{updateBy,jdbcType=VARCHAR},
      </if>
      <if test="updateDate != null" >
        #{updateDate,jdbcType=TIMESTAMP},
      </if>
      <if test="delFlag != null" >
        #{delFlag,jdbcType=CHAR},
      </if>
      <if test="spare1 != null" >
        #{spare1,jdbcType=VARCHAR},
      </if>
      <if test="spare2 != null" >
        #{spare2,jdbcType=VARCHAR},
      </if>
      <if test="spare3 != null" >
        #{spare3,jdbcType=VARCHAR},
      </if>
      <if test="spare4 != null" >
        #{spare4,jdbcType=VARCHAR},
      </if>
      <if test="spare5 != null" >
        #{spare5,jdbcType=VARCHAR},
      </if>
    </trim>
  </insert>
  <update id="updateByPrimaryKeySelective" parameterType="com.blomni.o2o.order.entity.OrderFlowInfo" >
    update ORDER_FLOW_INFO
    <set >
      <if test="orderId != null" >
        ORDER_ID = #{orderId,jdbcType=VARCHAR},
      </if>
      <if test="orderAmt != null" >
        ORDER_AMT = #{orderAmt,jdbcType=DECIMAL},
      </if>
      <if test="orderState != null" >
        ORDER_STATE = #{orderState,jdbcType=CHAR},
      </if>
      <if test="memberName != null" >
        MEMBER_NAME = #{memberName,jdbcType=VARCHAR},
      </if>
      <if test="memberId != null" >
        MEMBER_ID = #{memberId,jdbcType=VARCHAR},
      </if>
      <if test="orderSource != null" >
        ORDER_SOURCE = #{orderSource,jdbcType=VARCHAR},
      </if>
      <if test="externalOrderNo != null" >
        EXTERNAL_ORDER_NO = #{externalOrderNo,jdbcType=VARCHAR},
      </if>
      <if test="orderType != null" >
        ORDER_TYPE = #{orderType,jdbcType=VARCHAR},
      </if>
      <if test="isAbnormalFlag != null" >
        IS_ABNORMAL_FLAG = #{isAbnormalFlag,jdbcType=CHAR},
      </if>
      <if test="buyerRemark != null" >
        BUYER_REMARK = #{buyerRemark,jdbcType=VARCHAR},
      </if>
      <if test="sellerRemark != null" >
        SELLER_REMARK = #{sellerRemark,jdbcType=VARCHAR},
      </if>
      <if test="createBy != null" >
        CREATE_BY = #{createBy,jdbcType=VARCHAR},
      </if>
      <if test="createDate != null" >
        CREATE_DATE = #{createDate,jdbcType=TIMESTAMP},
      </if>
      <if test="updateBy != null" >
        UPDATE_BY = #{updateBy,jdbcType=VARCHAR},
      </if>
      <if test="updateDate != null" >
        UPDATE_DATE = #{updateDate,jdbcType=TIMESTAMP},
      </if>
      <if test="delFlag != null" >
        DEL_FLAG = #{delFlag,jdbcType=CHAR},
      </if>
      <if test="spare1 != null" >
        SPARE1 = #{spare1,jdbcType=VARCHAR},
      </if>
      <if test="spare2 != null" >
        SPARE2 = #{spare2,jdbcType=VARCHAR},
      </if>
      <if test="spare3 != null" >
        SPARE3 = #{spare3,jdbcType=VARCHAR},
      </if>
      <if test="spare4 != null" >
        SPARE4 = #{spare4,jdbcType=VARCHAR},
      </if>
      <if test="spare5 != null" >
        SPARE5 = #{spare5,jdbcType=VARCHAR},
      </if>
    </set>
    where ID = #{id,jdbcType=VARCHAR}
  </update>
  <update id="updateByPrimaryKey" parameterType="com.blomni.o2o.order.entity.OrderFlowInfo" >
    update ORDER_FLOW_INFO
    set ORDER_ID = #{orderId,jdbcType=VARCHAR},
      ORDER_AMT = #{orderAmt,jdbcType=DECIMAL},
      ORDER_STATE = #{orderState,jdbcType=CHAR},
      MEMBER_NAME = #{memberName,jdbcType=VARCHAR},
      MEMBER_ID = #{memberId,jdbcType=VARCHAR},
      ORDER_SOURCE = #{orderSource,jdbcType=VARCHAR},
      EXTERNAL_ORDER_NO = #{externalOrderNo,jdbcType=VARCHAR},
      ORDER_TYPE = #{orderType,jdbcType=VARCHAR},
      IS_ABNORMAL_FLAG = #{isAbnormalFlag,jdbcType=CHAR},
      BUYER_REMARK = #{buyerRemark,jdbcType=VARCHAR},
      SELLER_REMARK = #{sellerRemark,jdbcType=VARCHAR},
      CREATE_BY = #{createBy,jdbcType=VARCHAR},
      CREATE_DATE = #{createDate,jdbcType=TIMESTAMP},
      UPDATE_BY = #{updateBy,jdbcType=VARCHAR},
      UPDATE_DATE = #{updateDate,jdbcType=TIMESTAMP},
      DEL_FLAG = #{delFlag,jdbcType=CHAR},
      SPARE1 = #{spare1,jdbcType=VARCHAR},
      SPARE2 = #{spare2,jdbcType=VARCHAR},
      SPARE3 = #{spare3,jdbcType=VARCHAR},
      SPARE4 = #{spare4,jdbcType=VARCHAR},
      SPARE5 = #{spare5,jdbcType=VARCHAR}
    where ID = #{id,jdbcType=VARCHAR}
  </update>
  <!-- 根据订单id来查询整个订单的流转状态  -->
   <select id="selectByOrderId" resultMap="BaseResultMap" parameterType="java.lang.String" >
    select 
    <include refid="Base_Column_List" />
    from ORDER_FLOW_INFO
    where ORDER_ID = #{orderId,jdbcType=VARCHAR} order  by CREATE_DATE DESC
  </select>
  
  
</mapper>