<?xml version="1.0" encoding="UTF-8" ?>
<!DOCTYPE mapper PUBLIC "-//mybatis.org//DTD Mapper 3.0//EN" "http://mybatis.org/dtd/mybatis-3-mapper.dtd" >
<mapper namespace="com.blomni.o2o.order.mapper.OrderPayBackCheckMapper" >
  <resultMap id="BaseResultMap" type="com.blomni.o2o.order.entity.OrderPayBackCheck" >
    <id column="ID" property="id" jdbcType="VARCHAR" />
    <id column="ORDER_NO" property="orderNo" jdbcType="VARCHAR" />
    <result column="PAY_ORDER_NO" property="payOrderNo" jdbcType="VARCHAR" />
    <result column="COMPLETE_DATE" property="completeDate" jdbcType="VARCHAR" />
    <result column="COMPLETE_TIME" property="completeTime" jdbcType="VARCHAR" />
    <result column="COMMODITY_MSG" property="commodityMsg" jdbcType="VARCHAR" />
    <result column="MER_ORDER_NO" property="merOrderNo" jdbcType="VARCHAR" />
    <result column="ORDER_AMT" property="orderAmt" jdbcType="VARCHAR" />
    <result column="PAY_AMT" property="payAmt" jdbcType="VARCHAR" />
    <result column="DISCOUNT_AMT" property="discountAmt" jdbcType="VARCHAR" />
    <result column="RESP_MSG" property="respMsg" jdbcType="VARCHAR" />
    <result column="ACQ_SEQ_ID" property="acqSeqId" jdbcType="VARCHAR" />
    <result column="ACQ_DATE" property="acqDate" jdbcType="VARCHAR" />
    <result column="BANK_SEQ_ID" property="bankSeqId" jdbcType="VARCHAR" />
    <result column="BANK_DATE" property="bankDate" jdbcType="VARCHAR" />
    <result column="BANK_INST_NO" property="bankInstNo" jdbcType="VARCHAR" />
    <result column="SIGNATURE" property="signature" jdbcType="VARCHAR" />
    <result column="CODE_URL" property="codeUrl" jdbcType="VARCHAR" />
    <result column="CURRY_NO" property="curryNo" jdbcType="VARCHAR" />
    <result column="ORDER_STATUS" property="orderStatus" jdbcType="VARCHAR" />
    <result column="RESP_CODE" property="respCode" jdbcType="VARCHAR" />
    <result column="UPDATE_BY" property="updateBy" jdbcType="VARCHAR" />
    <result column="UPDATE_DATE" property="updateDate" jdbcType="TIMESTAMP" />
    <result column="CREATE_BY" property="createBy" jdbcType="VARCHAR" />
    <result column="CREATE_DATE" property="createDate" jdbcType="TIMESTAMP" />
    <result column="DEL_FLAG" property="delFlag" jdbcType="CHAR" />
    <result column="SPARE1" property="spare1" jdbcType="VARCHAR" />
    <result column="SPARE2" property="spare2" jdbcType="VARCHAR" />
    <result column="SPARE3" property="spare3" jdbcType="VARCHAR" />
  </resultMap>
  <sql id="Base_Column_List" >
    ID, ORDER_NO, PAY_ORDER_NO, COMPLETE_DATE, COMPLETE_TIME, COMMODITY_MSG, MER_ORDER_NO, 
    ORDER_AMT, PAY_AMT, DISCOUNT_AMT, RESP_MSG, ACQ_SEQ_ID, ACQ_DATE, BANK_SEQ_ID, BANK_DATE, 
    BANK_INST_NO, SIGNATURE, CODE_URL, CURRY_NO, ORDER_STATUS, RESP_CODE, UPDATE_BY, 
    UPDATE_DATE, CREATE_BY, CREATE_DATE, DEL_FLAG, SPARE1, SPARE2, SPARE3
  </sql>
  <select id="selectByPrimaryKey" resultMap="BaseResultMap" parameterType="com.blomni.o2o.order.entity.OrderPayBackCheckKey" >
    select 
    <include refid="Base_Column_List" />
    from ORDER_PAY_BACK_CHECK
    where ID = #{id,jdbcType=VARCHAR}
      and ORDER_NO = #{orderNo,jdbcType=VARCHAR}
  </select>
  <delete id="deleteByPrimaryKey" parameterType="com.blomni.o2o.order.entity.OrderPayBackCheckKey" >
    delete from ORDER_PAY_BACK_CHECK
    where ID = #{id,jdbcType=VARCHAR}
      and ORDER_NO = #{orderNo,jdbcType=VARCHAR}
  </delete>
  <insert id="insert" parameterType="com.blomni.o2o.order.entity.OrderPayBackCheck" >
    insert into ORDER_PAY_BACK_CHECK (ID, ORDER_NO, PAY_ORDER_NO, 
      COMPLETE_DATE, COMPLETE_TIME, COMMODITY_MSG, 
      MER_ORDER_NO, ORDER_AMT, PAY_AMT, 
      DISCOUNT_AMT, RESP_MSG, ACQ_SEQ_ID, 
      ACQ_DATE, BANK_SEQ_ID, BANK_DATE, 
      BANK_INST_NO, SIGNATURE, CODE_URL, 
      CURRY_NO, ORDER_STATUS, RESP_CODE, 
      UPDATE_BY, UPDATE_DATE, CREATE_BY, 
      CREATE_DATE, DEL_FLAG, SPARE1, 
      SPARE2, SPARE3)
    values (#{id,jdbcType=VARCHAR}, #{orderNo,jdbcType=VARCHAR}, #{payOrderNo,jdbcType=VARCHAR}, 
      #{completeDate,jdbcType=VARCHAR}, #{completeTime,jdbcType=VARCHAR}, #{commodityMsg,jdbcType=VARCHAR}, 
      #{merOrderNo,jdbcType=VARCHAR}, #{orderAmt,jdbcType=VARCHAR}, #{payAmt,jdbcType=VARCHAR}, 
      #{discountAmt,jdbcType=VARCHAR}, #{respMsg,jdbcType=VARCHAR}, #{acqSeqId,jdbcType=VARCHAR}, 
      #{acqDate,jdbcType=VARCHAR}, #{bankSeqId,jdbcType=VARCHAR}, #{bankDate,jdbcType=VARCHAR}, 
      #{bankInstNo,jdbcType=VARCHAR}, #{signature,jdbcType=VARCHAR}, #{codeUrl,jdbcType=VARCHAR}, 
      #{curryNo,jdbcType=VARCHAR}, #{orderStatus,jdbcType=VARCHAR}, #{respCode,jdbcType=VARCHAR}, 
      #{updateBy,jdbcType=VARCHAR}, #{updateDate,jdbcType=TIMESTAMP}, #{createBy,jdbcType=VARCHAR}, 
      #{createDate,jdbcType=TIMESTAMP}, #{delFlag,jdbcType=CHAR}, #{spare1,jdbcType=VARCHAR}, 
      #{spare2,jdbcType=VARCHAR}, #{spare3,jdbcType=VARCHAR})
  </insert>
  <insert id="insertSelective" parameterType="com.blomni.o2o.order.entity.OrderPayBackCheck" >
    insert into ORDER_PAY_BACK_CHECK
    <trim prefix="(" suffix=")" suffixOverrides="," >
      <if test="id != null" >
        ID,
      </if>
      <if test="orderNo != null" >
        ORDER_NO,
      </if>
      <if test="payOrderNo != null" >
        PAY_ORDER_NO,
      </if>
      <if test="completeDate != null" >
        COMPLETE_DATE,
      </if>
      <if test="completeTime != null" >
        COMPLETE_TIME,
      </if>
      <if test="commodityMsg != null" >
        COMMODITY_MSG,
      </if>
      <if test="merOrderNo != null" >
        MER_ORDER_NO,
      </if>
      <if test="orderAmt != null" >
        ORDER_AMT,
      </if>
      <if test="payAmt != null" >
        PAY_AMT,
      </if>
      <if test="discountAmt != null" >
        DISCOUNT_AMT,
      </if>
      <if test="respMsg != null" >
        RESP_MSG,
      </if>
      <if test="acqSeqId != null" >
        ACQ_SEQ_ID,
      </if>
      <if test="acqDate != null" >
        ACQ_DATE,
      </if>
      <if test="bankSeqId != null" >
        BANK_SEQ_ID,
      </if>
      <if test="bankDate != null" >
        BANK_DATE,
      </if>
      <if test="bankInstNo != null" >
        BANK_INST_NO,
      </if>
      <if test="signature != null" >
        SIGNATURE,
      </if>
      <if test="codeUrl != null" >
        CODE_URL,
      </if>
      <if test="curryNo != null" >
        CURRY_NO,
      </if>
      <if test="orderStatus != null" >
        ORDER_STATUS,
      </if>
      <if test="respCode != null" >
        RESP_CODE,
      </if>
      <if test="updateBy != null" >
        UPDATE_BY,
      </if>
      <if test="updateDate != null" >
        UPDATE_DATE,
      </if>
      <if test="createBy != null" >
        CREATE_BY,
      </if>
      <if test="createDate != null" >
        CREATE_DATE,
      </if>
      <if test="delFlag != null" >
        DEL_FLAG,
      </if>
      <if test="spare1 != null" >
        SPARE1,
      </if>
      <if test="spare2 != null" >
        SPARE2,
      </if>
      <if test="spare3 != null" >
        SPARE3,
      </if>
    </trim>
    <trim prefix="values (" suffix=")" suffixOverrides="," >
      <if test="id != null" >
        #{id,jdbcType=VARCHAR},
      </if>
      <if test="orderNo != null" >
        #{orderNo,jdbcType=VARCHAR},
      </if>
      <if test="payOrderNo != null" >
        #{payOrderNo,jdbcType=VARCHAR},
      </if>
      <if test="completeDate != null" >
        #{completeDate,jdbcType=VARCHAR},
      </if>
      <if test="completeTime != null" >
        #{completeTime,jdbcType=VARCHAR},
      </if>
      <if test="commodityMsg != null" >
        #{commodityMsg,jdbcType=VARCHAR},
      </if>
      <if test="merOrderNo != null" >
        #{merOrderNo,jdbcType=VARCHAR},
      </if>
      <if test="orderAmt != null" >
        #{orderAmt,jdbcType=VARCHAR},
      </if>
      <if test="payAmt != null" >
        #{payAmt,jdbcType=VARCHAR},
      </if>
      <if test="discountAmt != null" >
        #{discountAmt,jdbcType=VARCHAR},
      </if>
      <if test="respMsg != null" >
        #{respMsg,jdbcType=VARCHAR},
      </if>
      <if test="acqSeqId != null" >
        #{acqSeqId,jdbcType=VARCHAR},
      </if>
      <if test="acqDate != null" >
        #{acqDate,jdbcType=VARCHAR},
      </if>
      <if test="bankSeqId != null" >
        #{bankSeqId,jdbcType=VARCHAR},
      </if>
      <if test="bankDate != null" >
        #{bankDate,jdbcType=VARCHAR},
      </if>
      <if test="bankInstNo != null" >
        #{bankInstNo,jdbcType=VARCHAR},
      </if>
      <if test="signature != null" >
        #{signature,jdbcType=VARCHAR},
      </if>
      <if test="codeUrl != null" >
        #{codeUrl,jdbcType=VARCHAR},
      </if>
      <if test="curryNo != null" >
        #{curryNo,jdbcType=VARCHAR},
      </if>
      <if test="orderStatus != null" >
        #{orderStatus,jdbcType=VARCHAR},
      </if>
      <if test="respCode != null" >
        #{respCode,jdbcType=VARCHAR},
      </if>
      <if test="updateBy != null" >
        #{updateBy,jdbcType=VARCHAR},
      </if>
      <if test="updateDate != null" >
        #{updateDate,jdbcType=TIMESTAMP},
      </if>
      <if test="createBy != null" >
        #{createBy,jdbcType=VARCHAR},
      </if>
      <if test="createDate != null" >
        #{createDate,jdbcType=TIMESTAMP},
      </if>
      <if test="delFlag != null" >
        #{delFlag,jdbcType=CHAR},
      </if>
      <if test="spare1 != null" >
        #{spare1,jdbcType=VARCHAR},
      </if>
      <if test="spare2 != null" >
        #{spare2,jdbcType=VARCHAR},
      </if>
      <if test="spare3 != null" >
        #{spare3,jdbcType=VARCHAR},
      </if>
    </trim>
  </insert>
  <update id="updateByPrimaryKeySelective" parameterType="com.blomni.o2o.order.entity.OrderPayBackCheck" >
    update ORDER_PAY_BACK_CHECK
    <set >
      <if test="payOrderNo != null" >
        PAY_ORDER_NO = #{payOrderNo,jdbcType=VARCHAR},
      </if>
      <if test="completeDate != null" >
        COMPLETE_DATE = #{completeDate,jdbcType=VARCHAR},
      </if>
      <if test="completeTime != null" >
        COMPLETE_TIME = #{completeTime,jdbcType=VARCHAR},
      </if>
      <if test="commodityMsg != null" >
        COMMODITY_MSG = #{commodityMsg,jdbcType=VARCHAR},
      </if>
      <if test="merOrderNo != null" >
        MER_ORDER_NO = #{merOrderNo,jdbcType=VARCHAR},
      </if>
      <if test="orderAmt != null" >
        ORDER_AMT = #{orderAmt,jdbcType=VARCHAR},
      </if>
      <if test="payAmt != null" >
        PAY_AMT = #{payAmt,jdbcType=VARCHAR},
      </if>
      <if test="discountAmt != null" >
        DISCOUNT_AMT = #{discountAmt,jdbcType=VARCHAR},
      </if>
      <if test="respMsg != null" >
        RESP_MSG = #{respMsg,jdbcType=VARCHAR},
      </if>
      <if test="acqSeqId != null" >
        ACQ_SEQ_ID = #{acqSeqId,jdbcType=VARCHAR},
      </if>
      <if test="acqDate != null" >
        ACQ_DATE = #{acqDate,jdbcType=VARCHAR},
      </if>
      <if test="bankSeqId != null" >
        BANK_SEQ_ID = #{bankSeqId,jdbcType=VARCHAR},
      </if>
      <if test="bankDate != null" >
        BANK_DATE = #{bankDate,jdbcType=VARCHAR},
      </if>
      <if test="bankInstNo != null" >
        BANK_INST_NO = #{bankInstNo,jdbcType=VARCHAR},
      </if>
      <if test="signature != null" >
        SIGNATURE = #{signature,jdbcType=VARCHAR},
      </if>
      <if test="codeUrl != null" >
        CODE_URL = #{codeUrl,jdbcType=VARCHAR},
      </if>
      <if test="curryNo != null" >
        CURRY_NO = #{curryNo,jdbcType=VARCHAR},
      </if>
      <if test="orderStatus != null" >
        ORDER_STATUS = #{orderStatus,jdbcType=VARCHAR},
      </if>
      <if test="respCode != null" >
        RESP_CODE = #{respCode,jdbcType=VARCHAR},
      </if>
      <if test="updateBy != null" >
        UPDATE_BY = #{updateBy,jdbcType=VARCHAR},
      </if>
      <if test="updateDate != null" >
        UPDATE_DATE = #{updateDate,jdbcType=TIMESTAMP},
      </if>
      <if test="createBy != null" >
        CREATE_BY = #{createBy,jdbcType=VARCHAR},
      </if>
      <if test="createDate != null" >
        CREATE_DATE = #{createDate,jdbcType=TIMESTAMP},
      </if>
      <if test="delFlag != null" >
        DEL_FLAG = #{delFlag,jdbcType=CHAR},
      </if>
      <if test="spare1 != null" >
        SPARE1 = #{spare1,jdbcType=VARCHAR},
      </if>
      <if test="spare2 != null" >
        SPARE2 = #{spare2,jdbcType=VARCHAR},
      </if>
      <if test="spare3 != null" >
        SPARE3 = #{spare3,jdbcType=VARCHAR},
      </if>
    </set>
    where ID = #{id,jdbcType=VARCHAR}
      and ORDER_NO = #{orderNo,jdbcType=VARCHAR}
  </update>
  <update id="updateByPrimaryKey" parameterType="com.blomni.o2o.order.entity.OrderPayBackCheck" >
    update ORDER_PAY_BACK_CHECK
    set PAY_ORDER_NO = #{payOrderNo,jdbcType=VARCHAR},
      COMPLETE_DATE = #{completeDate,jdbcType=VARCHAR},
      COMPLETE_TIME = #{completeTime,jdbcType=VARCHAR},
      COMMODITY_MSG = #{commodityMsg,jdbcType=VARCHAR},
      MER_ORDER_NO = #{merOrderNo,jdbcType=VARCHAR},
      ORDER_AMT = #{orderAmt,jdbcType=VARCHAR},
      PAY_AMT = #{payAmt,jdbcType=VARCHAR},
      DISCOUNT_AMT = #{discountAmt,jdbcType=VARCHAR},
      RESP_MSG = #{respMsg,jdbcType=VARCHAR},
      ACQ_SEQ_ID = #{acqSeqId,jdbcType=VARCHAR},
      ACQ_DATE = #{acqDate,jdbcType=VARCHAR},
      BANK_SEQ_ID = #{bankSeqId,jdbcType=VARCHAR},
      BANK_DATE = #{bankDate,jdbcType=VARCHAR},
      BANK_INST_NO = #{bankInstNo,jdbcType=VARCHAR},
      SIGNATURE = #{signature,jdbcType=VARCHAR},
      CODE_URL = #{codeUrl,jdbcType=VARCHAR},
      CURRY_NO = #{curryNo,jdbcType=VARCHAR},
      ORDER_STATUS = #{orderStatus,jdbcType=VARCHAR},
      RESP_CODE = #{respCode,jdbcType=VARCHAR},
      UPDATE_BY = #{updateBy,jdbcType=VARCHAR},
      UPDATE_DATE = #{updateDate,jdbcType=TIMESTAMP},
      CREATE_BY = #{createBy,jdbcType=VARCHAR},
      CREATE_DATE = #{createDate,jdbcType=TIMESTAMP},
      DEL_FLAG = #{delFlag,jdbcType=CHAR},
      SPARE1 = #{spare1,jdbcType=VARCHAR},
      SPARE2 = #{spare2,jdbcType=VARCHAR},
      SPARE3 = #{spare3,jdbcType=VARCHAR}
    where ID = #{id,jdbcType=VARCHAR}
      and ORDER_NO = #{orderNo,jdbcType=VARCHAR}
  </update>
</mapper>