<?xml version="1.0" encoding="UTF-8" ?>
<!DOCTYPE mapper PUBLIC "-//mybatis.org//DTD Mapper 3.0//EN" "http://mybatis.org/dtd/mybatis-3-mapper.dtd" >
<mapper namespace="com.blomni.o2o.order.mapper.OrderPayInfoMapper" >
  <resultMap id="BaseResultMap" type="com.blomni.o2o.order.entity.OrderPayInfo" >
    <id column="ID" property="id" jdbcType="VARCHAR" />
    <result column="ORDER_ID" property="orderId" jdbcType="VARCHAR" />
    <result column="PAY_STATUS" property="payStatus" jdbcType="CHAR" />
    <result column="TRANSACTION_MODE" property="transactionMode" jdbcType="VARCHAR" />
    <result column="PAY_DATE" property="payDate" jdbcType="TIMESTAMP" />
    <result column="PAY_AMT" property="payAmt" jdbcType="VARCHAR" />
    <result column="TRANSACTION_FLOWING" property="transactionFlowing" jdbcType="VARCHAR" />
    <result column="CREATE_DATE" property="createDate" jdbcType="TIMESTAMP" />
    <result column="CREATE_BY" property="createBy" jdbcType="VARCHAR" />
    <result column="UPDATE_DATE" property="updateDate" jdbcType="TIMESTAMP" />
    <result column="UPDATE_BY" property="updateBy" jdbcType="VARCHAR" />
    <result column="DEL_FLAG" property="delFlag" jdbcType="CHAR" />
    <result column="SPARE1" property="spare1" jdbcType="VARCHAR" />
    <result column="SPARE2" property="spare2" jdbcType="VARCHAR" />
    <result column="SPARE3" property="spare3" jdbcType="VARCHAR" />
    <result column="SPARE4" property="spare4" jdbcType="INTEGER" />
    <result column="SPARE5" property="spare5" jdbcType="DOUBLE" />
    <result column="SPARE6" property="spare6" jdbcType="TIMESTAMP" />
    <result column="SPARE7" property="spare7" jdbcType="TIMESTAMP" />
  </resultMap>
  <sql id="Base_Column_List" >
    ID, ORDER_ID, PAY_STATUS, TRANSACTION_MODE, PAY_DATE, PAY_AMT, TRANSACTION_FLOWING, 
    CREATE_DATE, CREATE_BY, UPDATE_DATE, UPDATE_BY, DEL_FLAG, SPARE1, SPARE2, SPARE3, 
    SPARE4, SPARE5, SPARE6, SPARE7
  </sql>
  <select id="selectByPrimaryKey" resultMap="BaseResultMap" parameterType="java.lang.String" >
    select 
    <include refid="Base_Column_List" />
    from ORDER_PAY_INFO
    where ID = #{id,jdbcType=VARCHAR}
  </select>

  <insert id="insert" parameterType="com.blomni.o2o.order.entity.OrderPayInfo" >
    insert into ORDER_PAY_INFO (ID, ORDER_ID, PAY_STATUS, 
      TRANSACTION_MODE, PAY_DATE, PAY_AMT, 
      TRANSACTION_FLOWING, CREATE_DATE, CREATE_BY, 
      UPDATE_DATE, UPDATE_BY, DEL_FLAG, 
      SPARE1, SPARE2, SPARE3, 
      SPARE4, SPARE5, SPARE6, 
      SPARE7)
    values (#{id,jdbcType=VARCHAR}, #{orderId,jdbcType=VARCHAR}, #{payStatus,jdbcType=CHAR}, 
      #{transactionMode,jdbcType=VARCHAR}, #{payDate,jdbcType=TIMESTAMP}, #{payAmt,jdbcType=VARCHAR}, 
      #{transactionFlowing,jdbcType=VARCHAR}, #{createDate,jdbcType=TIMESTAMP}, #{createBy,jdbcType=VARCHAR}, 
      #{updateDate,jdbcType=TIMESTAMP}, #{updateBy,jdbcType=VARCHAR}, #{delFlag,jdbcType=CHAR}, 
      #{spare1,jdbcType=VARCHAR}, #{spare2,jdbcType=VARCHAR}, #{spare3,jdbcType=VARCHAR}, 
      #{spare4,jdbcType=INTEGER}, #{spare5,jdbcType=DOUBLE}, #{spare6,jdbcType=TIMESTAMP}, 
      #{spare7,jdbcType=TIMESTAMP})
  </insert>
  <insert id="insertSelective" parameterType="com.blomni.o2o.order.entity.OrderPayInfo" >
    insert into ORDER_PAY_INFO
    <trim prefix="(" suffix=")" suffixOverrides="," >
      <if test="id != null" >
        ID,
      </if>
      <if test="orderId != null" >
        ORDER_ID,
      </if>
      <if test="payStatus != null" >
        PAY_STATUS,
      </if>
      <if test="transactionMode != null" >
        TRANSACTION_MODE,
      </if>
      <if test="payDate != null" >
        PAY_DATE,
      </if>
      <if test="payAmt != null" >
        PAY_AMT,
      </if>
      <if test="transactionFlowing != null" >
        TRANSACTION_FLOWING,
      </if>
      <if test="createDate != null" >
        CREATE_DATE,
      </if>
      <if test="createBy != null" >
        CREATE_BY,
      </if>
      <if test="updateDate != null" >
        UPDATE_DATE,
      </if>
      <if test="updateBy != null" >
        UPDATE_BY,
      </if>
      <if test="delFlag != null" >
        DEL_FLAG,
      </if>
      <if test="spare1 != null" >
        SPARE1,
      </if>
      <if test="spare2 != null" >
        SPARE2,
      </if>
      <if test="spare3 != null" >
        SPARE3,
      </if>
      <if test="spare4 != null" >
        SPARE4,
      </if>
      <if test="spare5 != null" >
        SPARE5,
      </if>
      <if test="spare6 != null" >
        SPARE6,
      </if>
      <if test="spare7 != null" >
        SPARE7,
      </if>
    </trim>
    <trim prefix="values (" suffix=")" suffixOverrides="," >
      <if test="id != null" >
        #{id,jdbcType=VARCHAR},
      </if>
      <if test="orderId != null" >
        #{orderId,jdbcType=VARCHAR},
      </if>
      <if test="payStatus != null" >
        #{payStatus,jdbcType=CHAR},
      </if>
      <if test="transactionMode != null" >
        #{transactionMode,jdbcType=VARCHAR},
      </if>
      <if test="payDate != null" >
        #{payDate,jdbcType=TIMESTAMP},
      </if>
      <if test="payAmt != null" >
        #{payAmt,jdbcType=VARCHAR},
      </if>
      <if test="transactionFlowing != null" >
        #{transactionFlowing,jdbcType=VARCHAR},
      </if>
      <if test="createDate != null" >
        #{createDate,jdbcType=TIMESTAMP},
      </if>
      <if test="createBy != null" >
        #{createBy,jdbcType=VARCHAR},
      </if>
      <if test="updateDate != null" >
        #{updateDate,jdbcType=TIMESTAMP},
      </if>
      <if test="updateBy != null" >
        #{updateBy,jdbcType=VARCHAR},
      </if>
      <if test="delFlag != null" >
        #{delFlag,jdbcType=CHAR},
      </if>
      <if test="spare1 != null" >
        #{spare1,jdbcType=VARCHAR},
      </if>
      <if test="spare2 != null" >
        #{spare2,jdbcType=VARCHAR},
      </if>
      <if test="spare3 != null" >
        #{spare3,jdbcType=VARCHAR},
      </if>
      <if test="spare4 != null" >
        #{spare4,jdbcType=INTEGER},
      </if>
      <if test="spare5 != null" >
        #{spare5,jdbcType=DOUBLE},
      </if>
      <if test="spare6 != null" >
        #{spare6,jdbcType=TIMESTAMP},
      </if>
      <if test="spare7 != null" >
        #{spare7,jdbcType=TIMESTAMP},
      </if>
    </trim>
  </insert>
  <update id="updateByPrimaryKeySelective" parameterType="com.blomni.o2o.order.entity.OrderPayInfo" >
    update ORDER_PAY_INFO
    <set >
      <if test="orderId != null" >
        ORDER_ID = #{orderId,jdbcType=VARCHAR},
      </if>
      <if test="payStatus != null" >
        PAY_STATUS = #{payStatus,jdbcType=CHAR},
      </if>
      <if test="transactionMode != null" >
        TRANSACTION_MODE = #{transactionMode,jdbcType=VARCHAR},
      </if>
      <if test="payDate != null" >
        PAY_DATE = #{payDate,jdbcType=TIMESTAMP},
      </if>
      <if test="payAmt != null" >
        PAY_AMT = #{payAmt,jdbcType=VARCHAR},
      </if>
      <if test="transactionFlowing != null" >
        TRANSACTION_FLOWING = #{transactionFlowing,jdbcType=VARCHAR},
      </if>
      <if test="createDate != null" >
        CREATE_DATE = #{createDate,jdbcType=TIMESTAMP},
      </if>
      <if test="createBy != null" >
        CREATE_BY = #{createBy,jdbcType=VARCHAR},
      </if>
      <if test="updateDate != null" >
        UPDATE_DATE = #{updateDate,jdbcType=TIMESTAMP},
      </if>
      <if test="updateBy != null" >
        UPDATE_BY = #{updateBy,jdbcType=VARCHAR},
      </if>
      <if test="delFlag != null" >
        DEL_FLAG = #{delFlag,jdbcType=CHAR},
      </if>
      <if test="spare1 != null" >
        SPARE1 = #{spare1,jdbcType=VARCHAR},
      </if>
      <if test="spare2 != null" >
        SPARE2 = #{spare2,jdbcType=VARCHAR},
      </if>
      <if test="spare3 != null" >
        SPARE3 = #{spare3,jdbcType=VARCHAR},
      </if>
      <if test="spare4 != null" >
        SPARE4 = #{spare4,jdbcType=INTEGER},
      </if>
      <if test="spare5 != null" >
        SPARE5 = #{spare5,jdbcType=DOUBLE},
      </if>
      <if test="spare6 != null" >
        SPARE6 = #{spare6,jdbcType=TIMESTAMP},
      </if>
      <if test="spare7 != null" >
        SPARE7 = #{spare7,jdbcType=TIMESTAMP},
      </if>
    </set>
    where ID = #{id,jdbcType=VARCHAR}
  </update>
  <update id="updateByPrimaryKey" parameterType="com.blomni.o2o.order.entity.OrderPayInfo" >
    update ORDER_PAY_INFO
    set ORDER_ID = #{orderId,jdbcType=VARCHAR},
      PAY_STATUS = #{payStatus,jdbcType=CHAR},
      TRANSACTION_MODE = #{transactionMode,jdbcType=VARCHAR},
      PAY_DATE = #{payDate,jdbcType=TIMESTAMP},
      PAY_AMT = #{payAmt,jdbcType=VARCHAR},
      TRANSACTION_FLOWING = #{transactionFlowing,jdbcType=VARCHAR},
      CREATE_DATE = #{createDate,jdbcType=TIMESTAMP},
      CREATE_BY = #{createBy,jdbcType=VARCHAR},
      UPDATE_DATE = #{updateDate,jdbcType=TIMESTAMP},
      UPDATE_BY = #{updateBy,jdbcType=VARCHAR},
      DEL_FLAG = #{delFlag,jdbcType=CHAR},
      SPARE1 = #{spare1,jdbcType=VARCHAR},
      SPARE2 = #{spare2,jdbcType=VARCHAR},
      SPARE3 = #{spare3,jdbcType=VARCHAR},
      SPARE4 = #{spare4,jdbcType=INTEGER},
      SPARE5 = #{spare5,jdbcType=DOUBLE},
      SPARE6 = #{spare6,jdbcType=TIMESTAMP},
      SPARE7 = #{spare7,jdbcType=TIMESTAMP}
    where ID = #{id,jdbcType=VARCHAR}
  </update>
  
 <select id="selectPayInfoOrPayDate" resultType="com.blomni.o2o.order.vo.QueryOrderDetailsVo" parameterType="java.lang.String" >
    select 
   TRANSACTION_MODE as payType ,(unix_timestamp(PAY_DATE)*1000) payTime
    from ORDER_PAY_INFO
    where ORDER_ID = #{id,jdbcType=VARCHAR}
    AND DEL_FLAG='0'
  </select>
</mapper>